comarca,temp,precip,hume
Alt Penedès,15.0468177890139,0.039251527403414185,69.0765406650467
Baix Llobregat,15.795220510821451,0.03973513731543077,70.74749572652571
Barcelonès,16.910799539070734,0.034716049297077306,66.69303254109175
Garraf,15.97101777002379,0.03934868224019167,70.34368763220643
Maresme,15.53103772877131,0.04332672996179899,72.84909813280606
Vallès Occidental,14.603567512782154,0.038988193119932894,71.6357455554561
Vallès Oriental,13.231808240733605,0.04705383997032581,70.81436210206691
