{"precipitacion": "0", "temperatura": 23.330231713425754, "humedad": 64.55412830294195}