{"precipitacion": "0", "temperatura": 66.67270313685222, "humedad": 22.543973332310095}